id,product_name,product_category_id,price,is_available,description,min_order,
CTK.000001,Cetak Spanduk,1,25000,TRUE,Barang Kualitas Terbaik,1,
CTK.000002,Roll Banner,1,250000,TRUE,Barang Kualitas Terbaik,1,
CTK.000003,X-Banner,1,50000,TRUE,Barang Kualitas Terbaik,1,
AKS.000004,PM MASKER KN95 22 X 12 CM WARNA PUTIH,2,60000,TRUE,Barang Kualitas Terbaik,1,
A.000016,BST LABEL KAMAR KECIL PANJANG LATAR PUTIH,3,15000,TRUE,Barang Kualitas Terbaik,1,
A.000032,BST LABEL PUSH BUNDAR LATAR PUTIH,3,15000,TRUE,Barang Kualitas Terbaik,1,
A.000092,BST LABEL ANGKA 1,3,20000,TRUE,Barang Kualitas Terbaik,1,
A.000109,KINGCO NAMEPLATE 6 x 20 CM,3,25000,TRUE,Barang Kualitas Terbaik,1,
A.000102,BST LABEL BUKA/TUTUP LATAR PUTIH KECIL,3,35000,TRUE,Barang Kualitas Terbaik,1,
A.000079,AKRILIK LABEL SIZE : SEDANG,3,65000,TRUE,Barang Kualitas Terbaik,1,
A.000020,BST LABEL JAGA JARAK PANJANG LATAR PUTIH LBM-15,3,35000,TRUE,Barang Kualitas Terbaik,1,
A.000028,BST LABEL RUANG INI BEBAS ASAP ROKOK PANJANG LATAR PUTIH LBK-25,3,15000,TRUE,Barang Kualitas Terbaik,1,
A.000040,BST LABEL KEPALA SEKOLAH PANJANG LATAR PUTIH LBK-33,3,12500,TRUE,Barang Kualitas Terbaik,1,
A.000059,D'PLAYERS LABEL TEMPAT SAMPAH PANJANG LATAR PUTIH,3,15000,TRUE,Barang Kualitas Terbaik,1,
A.000101,BST LABEL JAGALAH KEBERSIHAN,3,15000,TRUE,Barang Kualitas Terbaik,1,
A.000063,BST AKRILIK LABEL B6,3,60000,TRUE,Barang Kualitas Terbaik,1,
A.000095,BST LABEL ANGKA 4,3,20000,TRUE,Barang Kualitas Terbaik,1,
A.000036,BST LABEL MOHON TIDAK MEROKOK PERSEGI LATAR PUTIH LBK-14,3,15000,TRUE,Barang Kualitas Terbaik,1,
A.000041,BST LABEL KELAS I PANJANG LATAR PUTIH,3,15000,TRUE,Barang Kualitas Terbaik,1,
A.000081,BST AKRILIK DISPLAY SATU SUSUN SIZE : MEDIUM,3,80000,TRUE,Barang Kualitas Terbaik,1,
A.000009,BST LABEL KANTOR PANJANG LATAR PUTIH LBK-31,3,15000,TRUE,Barang Kualitas Terbaik,1,
A.000011,BST LABEL PERPUSTAKAAN PANJANG LATAR PUTIH,3,15000,TRUE,Barang Kualitas Terbaik,1,
A.000018,BST LABEL OJEK ONLINE PANJANG LATAR PUTIH LBM-19,3,35000,TRUE,Barang Kualitas Terbaik,1,
A.000047,GM LABEL RUANG GURU PANJANG LATAR PUTIH,3,12500,TRUE,Barang Kualitas Terbaik,1,
A.000100,BST LABEL ANGKA 9,3,20000,TRUE,Barang Kualitas Terbaik,1,
A.000076,NT AKRILIK NAMEPLATE 8X25,3,40000,TRUE,Barang Kualitas Terbaik,1,
A.000071,BST AKRILIK NAMEPLATE SIZE : SEDANG,3,40000,TRUE,Barang Kualitas Terbaik,1,
AB.000014,IN-LITE LAMPU 9 WATT KUNING,4,30000,TRUE,Barang Kualitas Terbaik,1,
AB.000005,IN-LITE LAMPU 9 WATT PUTIH,4,30000,TRUE,Barang Kualitas Terbaik,1,
AB.000013,IN-LITE LAMPU 18 WATT KUNING,4,53000,TRUE,Barang Kualitas Terbaik,1,
AJ.000063,KINGCO HEKTER R23 FINELINE ERRGONAMIC 13/4-6-8,5,150000,TRUE,Barang Kualitas Terbaik,1,
AJ.000081,EAGLE STAPLER S6120B,5,80000,TRUE,Barang Kualitas Terbaik,1,
AJ.000040,JOYKO BINDER CLIPS SERIES 111FC1 ISI 48,5,50000,TRUE,Barang Kualitas Terbaik,1,
AJ.000046,SDI BULDOG SIZE 6 NICKLE PLATE,5,20000,TRUE,Barang Kualitas Terbaik,1,
AJ.000097,VIS-1 PAPER CLIPS NO.5,5,7500,TRUE,Barang Kualitas Terbaik,1,
AJ.000070,V-TEC JEPIT KERTAS BESI PUTIH,5,20000,TRUE,Barang Kualitas Terbaik,1,
AJ.000089,KANGARO ISI HEKTER 23/15,5,25000,TRUE,Barang Kualitas Terbaik,1,
AJ.000011,EAGLE CLIP DISPENSER MAGNETIC FUNCTION SERIES,5,25000,TRUE,Barang Kualitas Terbaik,1,
AJ.000007,V-TEC BINDER CLIPS 60 MM NO. 280,5,5000,TRUE,Barang Kualitas Terbaik,1,
AJ.000071,JOSS BINDER CLIPS NO. 107,5,5000,TRUE,Barang Kualitas Terbaik,1,
AJ.000005,VONE BINDER CLIPS 15 MM NO. 105,5,4000,TRUE,Barang Kualitas Terbaik,1,
AJ.000086,TARGET HEKTER HD FS-12,5,450000,TRUE,Barang Kualitas Terbaik,1,
AJ.000078,KANGARO ISI HEKTER NO.13,5,25000,TRUE,Barang Kualitas Terbaik,1,
AJ.000017,KANGARO ISI HEKTER 23/8,5,20000,TRUE,Barang Kualitas Terbaik,1,
AJ.000006,JOYKO BINDER CLIPS 19 MM ISI 40,5,35000,TRUE,Barang Kualitas Terbaik,1,
S.000002,STEROFOAM 40 x 60 CM,5,12500,TRUE,Barang Kualitas Terbaik,1,
AJ.000002,KINGCO BINDER CLIPS 25 MM NO. 111,5,7500,TRUE,Barang Kualitas Terbaik,1,
AJ.000062,V-TEC HEKTER SERIES TS-13H,5,500000,TRUE,Barang Kualitas Terbaik,1,
AJ.000076,CARL STEPLER ST-760 NO. 10,5,40000,TRUE,Barang Kualitas Terbaik,1,
AJ.000013,KANGARO ISI HEKTER 24/6,5,5000,TRUE,Barang Kualitas Terbaik,1,
AJ.000036,V-TEC HEKTER TEMBAK SERIES TS-824,5,200000,TRUE,Barang Kualitas Terbaik,1,
AJ.000056,KANGARO HEKTER SERIES T-13,5,25000,TRUE,Barang Kualitas Terbaik,1,
AJ.000033,CADWELL HEKTER SERIES CD-20,5,20000,TRUE,Barang Kualitas Terbaik,1,
AJ.000075,ZRM BINDER CLIPS NO.107,5,5000,TRUE,Barang Kualitas Terbaik,1,
AJ.000037,KANGARO HEKTER TEMBAK SERIES TP-8/Y,5,125000,TRUE,Barang Kualitas Terbaik,1,
AJ.000004,KINGCO BINDER CLIPS 41 MM NO. 200,5,1500,TRUE,Barang Kualitas Terbaik,1,
AJ.000090,CARL STEPLER ST-760 NO. 35,5,40000,TRUE,Barang Kualitas Terbaik,1,
AJ.000072,ZRM BINDER CLIPS NO.155,5,10000,TRUE,Barang Kualitas Terbaik,1,
AJ.000012,KANGARO ISI HEKTER NO.10,5,2500,TRUE,Barang Kualitas Terbaik,1,
AJ.000069,COMBO REMOVER STAPLER CSR45,5,10000,TRUE,Barang Kualitas Terbaik,1,
AJ.000049,DEBOZZ PAPER CLIPS NO.3,5,3000,TRUE,Barang Kualitas Terbaik,1,
AJ.000084,MITSUKO BINDER CLIPS NO. 105,5,4000,TRUE,Barang Kualitas Terbaik,1,
AJ.000095,JOYKO BINDER CLIPS NO. 155,5,50000,TRUE,Barang Kualitas Terbaik,1,
AJ.000057,KINGCO COLOR PAPER CLIPS 25 MM 10 X 60 PCS,5,5000,TRUE,Barang Kualitas Terbaik,1,
AJ.000045,SDI HEKTER SERIES NO. 1159,5,350000,TRUE,Barang Kualitas Terbaik,1,
AJ.000019,KANGARO ISI HEKTER 23/13,5,25000,TRUE,Barang Kualitas Terbaik,1,
AJ.000052,ZRM BINDER CLIPS NO.260,5,2000,TRUE,Barang Kualitas Terbaik,1,
AKB.000043,HIT ATNI KECOA SPRAY 325 ML,6,30000,TRUE,Barang Kualitas Terbaik,1,
AKB.000035,QUICK N FRESH PEMBERSIH TANGAN GEL 100 ML,6,15000,TRUE,Barang Kualitas Terbaik,1,
AKB.000064,PASEO TISSUE 280 SHEETS,6,900000,TRUE,Barang Kualitas Terbaik,1,
AKB.000042,MITU TISU BASAH 60 SHEETS,6,25000,TRUE,Barang Kualitas Terbaik,1,
AKB.000031,LIFEBUOY SABUN CAIR 300 ML LEMON FRESH,6,55000,TRUE,Barang Kualitas Terbaik,1,
AKB.000114,MOM LOVE SAPU LANTAI KAMAR MANDI,6,25000,TRUE,Barang Kualitas Terbaik,1,
AKB.000089,STELLA AIR FRESHENER HOME APPLE WITH NATURAL OILS 400 ML,6,35000,TRUE,Barang Kualitas Terbaik,1,
AKB.000033,LIFEBUOY SABUN CUCI TANGAN 200 ML LEMON FRESH,6,20000,TRUE,Barang Kualitas Terbaik,1,
AKB.000025,SUNLIGHT SABUN CUCI PIRING 755 ML KEMASAN ISI ULANG,6,35000,TRUE,Barang Kualitas Terbaik,1,
AKB.000059,STELLA PENGHARUM RUANGAN GANTUNG FOGO AIR FRESHENER 30 GRAM SECRET LAVENDER,6,25000,TRUE,Barang Kualitas Terbaik,1,
AKB.000024,CLING PEMBERSIH KACA 425 ML LAVENDER FRESHA,6,6500,TRUE,Barang Kualitas Terbaik,1,
AKB.000026,SUNLIGHT SABUN CUCI PIRING 750 ML KEMASAN BOTOL,6,45000,TRUE,Barang Kualitas Terbaik,1,
AKB.000001,STELLA AIR FRESHENER REFILL 40 ML MINI GREEN FANTASY,6,30000,TRUE,Barang Kualitas Terbaik,1,
AKB.000015,STELLA AIR FRESHENER CAR FRAGRANCE GREEN HARMONY,6,20000,TRUE,Barang Kualitas Terbaik,1,
AKB.000002,STELLA AIR FRESHENER REFILL 40 ML MINI TROPICAL BREEZE,6,30000,TRUE,Barang Kualitas Terbaik,1,
AKB.000066,KESET KAKI PERSEGI PANJANG,6,22000,TRUE,Barang Kualitas Terbaik,1,
AKB.000100,PASEO SMART TISU KECIL 2 PLY 50 SHEET,6,3000,TRUE,Barang Kualitas Terbaik,1,
AKB.000044,PROCLIN PEMUITIH PAKAIAN 400 ML,6,15000,TRUE,Barang Kualitas Terbaik,1,
AKB.000079,SAPU LIDI,6,0,TRUE,Barang Kualitas Terbaik,1,
LL.000043,KENKO NAME CARD HOLDER DELUXE KN-240,7,50000,TRUE,Barang Kualitas Terbaik,1,
LL.000015,SOVRONOS BINGKAI FOTO 10RS/F4,7,45000,TRUE,Barang Kualitas Terbaik,1,
LL.000077,BINGKAI FOTO PUTIH 8R TANPA MERK,7,30000,TRUE,Barang Kualitas Terbaik,1,
LL.000092,WAGON CONTAINERR 50 LITER,7,200000,TRUE,Barang Kualitas Terbaik,1,
LL.000097,TOPAZ BESI SPIRAL NO.12 PUTIH,7,0,TRUE,Barang Kualitas Terbaik,1,
LL.000002,X-TRAIL TAGGING GUN,7,75000,TRUE,Barang Kualitas Terbaik,1,
LL.000001,QIDA TAGGING GUN SERIES SF-5S,7,75000,TRUE,Barang Kualitas Terbaik,1,
LL.000024,BAZIC PAKU TINDIS 100,7,6000,TRUE,Barang Kualitas Terbaik,1,
LL.000045,LEM LILIN BESAR,7,5000,TRUE,Barang Kualitas Terbaik,1,
LL.000110,HJT-2000 KERANJANG PULPEN KOTAK BESI,7,17500,TRUE,Barang Kualitas Terbaik,1,
LL.000080,TOPAZ BESI SPIRAL NO. 5 HITAM,7,3000,TRUE,Barang Kualitas Terbaik,1,
LL.000014,KINGCO 008 BINGKAI FOTO 10R,7,25000,TRUE,Barang Kualitas Terbaik,1,
LL.000032,D-R GLUE STICK 50 ML,7,5000,TRUE,Barang Kualitas Terbaik,1,
LL.000106,A+Z STATIONERY DESK ORGANIZER 9128F,7,100000,TRUE,Barang Kualitas Terbaik,1,
LL.000010,PITA KAIN 5 MM WARNA HIJAU MUDA,7,7000,TRUE,Barang Kualitas Terbaik,1,
LL.000034,CASIO PITA KALKULATOR TEMPO,7,20000,TRUE,Barang Kualitas Terbaik,1,
LL.000087,RILECART SPIRRAL BESI NO. 7 PUTIH,7,0,TRUE,Barang Kualitas Terbaik,1,
LL.000094,RILECART SPIRAL BESI NO. 20 PUTIH,7,0,TRUE,Barang Kualitas Terbaik,1,
LL.000081,TOPAZ BESI SPIRAL NO.6 HITAM,7,5000,TRUE,Barang Kualitas Terbaik,1,
LL.000066,BANTEX EASY BOX SIZE M WARNA BIRU TUA,7,150000,TRUE,Barang Kualitas Terbaik,1,
LL.000063,LEGONG ART CANVAS 25 x 35 CM,7,40000,TRUE,Barang Kualitas Terbaik,1,
LL.000079,TOPAZ BESI SPIRAL NO. 4 HITAM,7,3000,TRUE,Barang Kualitas Terbaik,1,
LL.000093,RILECART SPIRAL BESI NO. 12 PUTIH,7,0,TRUE,Barang Kualitas Terbaik,1,
LL.000036,RAK FILE BESI4 SUSUN HITAM,7,225000,TRUE,Barang Kualitas Terbaik,1,
AP.000011,OULE GUNTING SERIES OL-917,8,20000,TRUE,Barang Kualitas Terbaik,1,
AP.000014,KINGCO GUNTING NO. G/05,8,5000,TRUE,Barang Kualitas Terbaik,1,
AP.000034,SDI CUTTER KNIFE 0423,8,40000,TRUE,Barang Kualitas Terbaik,1,
AP.000013,SAFARI BRAND GUNTING SERIES SF-WL,8,10000,TRUE,Barang Kualitas Terbaik,1,
AP.000020,ZIEGEL GUNTING 19CM PREMIUM,8,35000,TRUE,Barang Kualitas Terbaik,1,
AP.000010,VONE GUNTING 7 INCHI,8,10000,TRUE,Barang Kualitas Terbaik,1,
AP.000031,KANGARO PUNCH 1 HOLE 4.5 MM,8,20000,TRUE,Barang Kualitas Terbaik,1,
AT.000343,BAZIC REFILL TINTA CAP WARNA HIJAU,9,15000,TRUE,Barang Kualitas Terbaik,1,
AT.000133,STEADTLER SPIDOL WARNA 24,9,35000,TRUE,Barang Kualitas Terbaik,1,
AT.000290,TARGET TIPX KERTAS CT-301R,9,10000,TRUE,Barang Kualitas Terbaik,1,
AT.000155,SNOWMAN SPIDOL WHITE BOARD MARKER BIRU,9,10000,TRUE,Barang Kualitas Terbaik,1,
AT.000024,TRODAT STAMP INK 7011 HITAM,9,56000,TRUE,Barang Kualitas Terbaik,1,
AT.000213,ARTLINE DRAWING PEN 0.2,9,11000,TRUE,Barang Kualitas Terbaik,1,
AT.000265,SHARPIE PENSIL CHINA MARKER BIRU,9,17500,TRUE,Barang Kualitas Terbaik,1,
AT.000347,PILOT REFILL PULPEN G-2 HITAM,9,15000,TRUE,Barang Kualitas Terbaik,1,
AT.000246,CORAL PULPEN GEL PEL,9,10000,TRUE,Barang Kualitas Terbaik,1,
AT.000034,V-TEC TINTA CINA 250 ML,9,60000,TRUE,Barang Kualitas Terbaik,1,
AT.000141,KINGCO PENSIL WARNA 12 999,9,10000,TRUE,Barang Kualitas Terbaik,1,
AT.000359,SNOWMAN SPIDOL WARNA KECIL KUNING,9,2000,TRUE,Barang Kualitas Terbaik,1,
AT.000035,JOYKO DATE STAMP S-68,9,15000,TRUE,Barang Kualitas Terbaik,1,
AT.000072,FABER-CASTEL PENSIL 2B,9,6000,TRUE,Barang Kualitas Terbaik,1,
AT.000206,ARTLINE SOFTLINE 1700 PULPEN 0.7 GEL INK HIJAU MUDA,9,10000,TRUE,Barang Kualitas Terbaik,1,
AT.000264,SHARPIE PENSIL CHINA MARKER HITAM,9,17500,TRUE,Barang Kualitas Terbaik,1,
AT.000199,ARTLINE CLIX STABILO HIGHLIGHTER KUNING,9,15000,TRUE,Barang Kualitas Terbaik,1,
AT.000208,ARTLINE 041T SPIDOL TWIN MARKER KUNING,9,9000,TRUE,Barang Kualitas Terbaik,1,
AT.000040,GLACIO TINTA FLASH MERAH,9,15000,TRUE,Barang Kualitas Terbaik,1,
AT.000125,SNOWMAN PULPEN 0.7 V-8,9,5000,TRUE,Barang Kualitas Terbaik,1,
AT.000259,ROTRING ISI MECHANICAL PENSIL TIKKY 0.5,9,25000,TRUE,Barang Kualitas Terbaik,1,
AT.000204,ARTLINE SOFTLINE 1700 PULPEN 0.7 GEL INK MERAH MUDA,9,10000,TRUE,Barang Kualitas Terbaik,1,
AT.000154,JOYKO PULPEN GP-189 0.5 OVAL GEL,9,5000,TRUE,Barang Kualitas Terbaik,1,
AT.000399,KINGCO PULPEN MEJA TIDUR,9,15000,TRUE,Barang Kualitas Terbaik,1,
AT.000136,STATION.1 PENSIL WARNA ISI 36,9,45000,TRUE,Barang Kualitas Terbaik,1,
AT.000064,TITI KRAYON MINYAK ISI 12,9,25000,TRUE,Barang Kualitas Terbaik,1,
AT.000013,ARTLINE 40 PAINT CRAYON HITAM,9,50000,TRUE,Barang Kualitas Terbaik,1,
AT.000415,BENEFIT PENSIL 2B P-9000,9,2500,TRUE,Barang Kualitas Terbaik,1,
AT.000406,TARGET TIPX CORRECTION TAPE CT-603G,9,10000,TRUE,Barang Kualitas Terbaik,1,
AT.000335,TARGET TIPX CORRERCTION TAPE CT-101P,9,15000,TRUE,Barang Kualitas Terbaik,1,
AT.000331,BOSS STABILO UNGU,9,12500,TRUE,Barang Kualitas Terbaik,1,
AT.000305,SNOWMAN DRAWING PEN OPM PERMANEN M COKELAT,9,10000,TRUE,Barang Kualitas Terbaik,1,
AT.000170,FABER-CASTEL STABILO ORANGE,9,10000,TRUE,Barang Kualitas Terbaik,1,
AT.000212,ARTLINE DRAWING PEN 0.1,9,11000,TRUE,Barang Kualitas Terbaik,1,
AT.000298,ROTRING PULPEN ISOGRAPH 0.5,9,400000,TRUE,Barang Kualitas Terbaik,1,
AT.000016,SNOWMAN SPIDOL WHITE BOARD MARKER HITAM,9,10000,TRUE,Barang Kualitas Terbaik,1,
AT.000337,PENTEL PULPEN RS3 JAPAN WARNA HITAM,9,100000,TRUE,Barang Kualitas Terbaik,1,
AT.000195,ARTLINE 40 PAINT CRAYON BIRU,9,50000,TRUE,Barang Kualitas Terbaik,1,
AT.000103,PARKER PULPEN B,9,600000,TRUE,Barang Kualitas Terbaik,1,
AT.000313,TARGET TIPX REFILLABLE CORRECTION TAPE CT-101P WARNA UNGU 6 M x 4.2 MM,9,15000,TRUE,Barang Kualitas Terbaik,1,
AT.000130,SNOWMAN PULPEN 0.7 V-4,9,3000,TRUE,Barang Kualitas Terbaik,1,
AT.000126,SNOWMAN SPIDOL PERMANENT MARKER HIJAU,9,10000,TRUE,Barang Kualitas Terbaik,1,
AT.000426,BOSS STABILO HIJAU TUA,9,12500,TRUE,Barang Kualitas Terbaik,1,
AT.000060,FABER-CASTEL PAKET UJIAN,9,35000,TRUE,Barang Kualitas Terbaik,1,
AT.000423,ARTLINE BANTALAN CAP UN-INKED,9,35000,TRUE,Barang Kualitas Terbaik,1,
AT.000037,KENKO DATE STAMP,9,15000,TRUE,Barang Kualitas Terbaik,1,
AT.000247,SIMBALION SPIDOL WHITEBOARD HITAM,9,5000,TRUE,Barang Kualitas Terbaik,1,
AT.000441,LEGONG WATER COLOUR 12 WARRNA 12 ML,9,50000,TRUE,Barang Kualitas Terbaik,1,
AT.000332,MITSUBISHI BOXY PULPEN WATERPROOF,9,15000,TRUE,Barang Kualitas Terbaik,1,
AT.000375,STATION.1 PENSIL WARNA ISI 12,9,10000,TRUE,Barang Kualitas Terbaik,1,
AT.000230,BENEFIT PULPEN 0.28 HI-TECH-H BIRU,9,5000,TRUE,Barang Kualitas Terbaik,1,
AT.000342,TRODAT STAMPEL CAP ANGKA,9,150000,TRUE,Barang Kualitas Terbaik,1,
AT.000274,ZIEGEL PAKET ALAT TULIS 01,9,45000,TRUE,Barang Kualitas Terbaik,1,
AT.000028,PARKER REFILL QUINK BLACK,9,50000,TRUE,Barang Kualitas Terbaik,1,
AT.000323,TARGET TIPX CORRECTION TAPE CT-3030,9,10000,TRUE,Barang Kualitas Terbaik,1,
AT.000234,PILOT PULPEN 0.8 BALL LINER HIJAU,9,22500,TRUE,Barang Kualitas Terbaik,1,
AT.000116,ARTLINE REFILL INK WHITEBOARD MARKER HIJAU,9,17500,TRUE,Barang Kualitas Terbaik,1,
AT.000074,STANDARD PULPEN 0.5 JR6 HITAM,9,6000,TRUE,Barang Kualitas Terbaik,1,
AT.000318,KINGCO STABILO WARNA PINK,9,6000,TRUE,Barang Kualitas Terbaik,1,
AT.000428,TARGET TIPX CORRECTION TAPE CT-802B,9,10000,TRUE,Barang Kualitas Terbaik,1,
AT.000315,KINGCO STABILO WARNA KUNING,9,6000,TRUE,Barang Kualitas Terbaik,1,
AT.000373,DINGB PENCIL SHARPENER NO. 8693,9,50000,TRUE,Barang Kualitas Terbaik,1,
AT.000210,ARTLINE 041T SPIDOL TWIN MARKER ORANGE,9,9000,TRUE,Barang Kualitas Terbaik,1,
AT.000434,ROTRING DRAWING INK HITAM,9,75000,TRUE,Barang Kualitas Terbaik,1,
AT.000324,TRODAT STAMPEL URGENT SERIES 3911 38 X 14 MM,9,60000,TRUE,Barang Kualitas Terbaik,1,
AT.000109,SHINING KUAS GAMBAR A6,9,35000,TRUE,Barang Kualitas Terbaik,1,
AT.000010,PILOT PULPEN 0.8 BALL LINER HITAM,9,22500,TRUE,Barang Kualitas Terbaik,1,
AT.000104,MONTELANG MEISTERSTUCK PULPEN,9,200000,TRUE,Barang Kualitas Terbaik,1,
AT.000124,SNOWMAN PULPEN 0.7 V-6,9,4000,TRUE,Barang Kualitas Terbaik,1,
AT.000015,SNOWMAN SPIDOL MARKER HITAM,9,10000,TRUE,Barang Kualitas Terbaik,1,
AT.000002,BAOKE 3088 PULPEN 0.5 PC-3088,9,5000,TRUE,Barang Kualitas Terbaik,1,
AT.000338,FABER-CASTEL KRAYON PASTELMINYAK ISI 12,9,27500,TRUE,Barang Kualitas Terbaik,1,
AT.000388,SUPER KAPUR TULIS,9,5000,TRUE,Barang Kualitas Terbaik,1,
M.000309,ACURA CLEAR BOOK 60 POCKET WARNA HITAM,9,45000,TRUE,Barang Kualitas Terbaik,1,
AT.000174,E-KNOCK PULPEN GEL PEN,9,5000,TRUE,Barang Kualitas Terbaik,1,
AT.000046,KINGCO STAMP PAD N0.2,9,10000,TRUE,Barang Kualitas Terbaik,1,
AU.000028,MISTAR CETAKAN HURUF UK. KECIL NO 300,10,7500,TRUE,Barang Kualitas Terbaik,1,
AU.000001,ZIEGEL MISTAR BENING 33 CM BENTUK SEGITIGA SEMBARANG,10,120000,TRUE,Barang Kualitas Terbaik,1,
AU.000007,BUTTERFLY BUSUR DERAJAT 180 DERAJAT 10 CM,10,2000,TRUE,Barang Kualitas Terbaik,1,
AU.000032,BUTTERFLY MISTAR PLASTIK 20 CM,10,2000,TRUE,Barang Kualitas Terbaik,1,
AU.000023,BUTTERFLY MISTAR SEGITIGA NO. 10,10,18000,TRUE,Barang Kualitas Terbaik,1,
AU.000029,MISTAR CETAKAN HURUF UK. BESAR NO 280,10,15000,TRUE,Barang Kualitas Terbaik,1,
AU.000010,POP-1 MISTAR BESI 30 CM,10,12000,TRUE,Barang Kualitas Terbaik,1,
AU.000019,BUTTERFLY MISTAR PLASTIK 30 CM,10,3000,TRUE,Barang Kualitas Terbaik,1,
B.000072,PAPERLINE BUKU ALBUM A5 300 LEMBAR Q,11,35000,TRUE,Barang Kualitas Terbaik,1,
B.000185,NOTE BOOK BINDER BAHAN KULIT COKELAT,11,120000,TRUE,Barang Kualitas Terbaik,1,
B.000059,KIKY BUKU TULIS 42,11,9000,TRUE,Barang Kualitas Terbaik,1,
B.000074,PAPERLINE BUKU ALBUM 50 LEMBAR F,11,10000,TRUE,Barang Kualitas Terbaik,1,
B.000173,BUKU SURAT SETORAN BUKAN PAJAK 5 PLY,11,52500,TRUE,Barang Kualitas Terbaik,1,
B.000169,LOCOMOTIF BUKU TULIS 58 LEMBAR ISI 10 PCS,11,5000,TRUE,Barang Kualitas Terbaik,1,
B.000168,BUKU BINDER A5 BAHAN KULIT TANPA MERK,11,120000,TRUE,Barang Kualitas Terbaik,1,
B.000166,BUKU MENU,11,0,TRUE,Barang Kualitas Terbaik,1,
B.000176,NEW VISION BUKU ALBUM EKSPEDISI 100 LBR,11,10000,TRUE,Barang Kualitas Terbaik,1,
B.000031,PAPERLINE KUITANSI 50 SHEETS 50B,11,5000,TRUE,Barang Kualitas Terbaik,1,
B.000003,JOY-ART BUKU TAMU HARD BATIK SPIRAL,11,45000,TRUE,Barang Kualitas Terbaik,1,
B.000082,PAPERLINE BUKU BLOCK NOTE A6 20'S 20 LEMBAR,11,2000,TRUE,Barang Kualitas Terbaik,1,
B.000208,HONGSHENGSHIDAI NOTE BOOK 36K,11,20000,TRUE,Barang Kualitas Terbaik,1,
B.000151,PAPERLINE BUKUALBUM A6 ISI 100,11,5000,TRUE,Barang Kualitas Terbaik,1,
B.000117,KIKI BUKU MEWARNAI,11,7500,TRUE,Barang Kualitas Terbaik,1,
B.000177,ACCURA SPIRAL BOOK UK. A5 SB 125,11,25000,TRUE,Barang Kualitas Terbaik,1,
B.000162,GLACIO NAME CARD HOLDER NCH 6001 BAHAN KULIT BIRU,11,10000,TRUE,Barang Kualitas Terbaik,1,
B.000002,ELIKA BUKU TAMU HARD POLOS,11,15000,TRUE,Barang Kualitas Terbaik,1,
B.000047,LOCOMOTIF BUKU GAMBAR A3 25 SHEETS 150 GRAM,11,35000,TRUE,Barang Kualitas Terbaik,1,
B.000195,SHENSHI CONCISE NOTE BOOK SS 18-40 UKURAN B5,11,45000,TRUE,Barang Kualitas Terbaik,1,
B.000023,SEJARAH GEREJA PASCA REFORMASI,11,75000,TRUE,Barang Kualitas Terbaik,1,
B.000200,BUKU SEJARAH GEREJA ASIA  PDT. DR. PAULUS DAUN. TH. M.,11,75000,TRUE,Barang Kualitas Terbaik,1,
B.000089,OKEY BUKU EKSPEDISI ISI 100 LEMBAR,11,22000,TRUE,Barang Kualitas Terbaik,1,
B.000181,SCHOOLCHILD NOTE BOOK 48K,11,35000,TRUE,Barang Kualitas Terbaik,1,
B.000154,ROTAX ORGANIZER BAHAN KULIT WARNA COKLAT,11,150000,TRUE,Barang Kualitas Terbaik,1,
B.000113,SIDU BUKU SKETSA A5 30 LEMBAR,11,15000,TRUE,Barang Kualitas Terbaik,1,
B.000194,HONGSHENGSHIDAI NOTE BOOK 25K BAHAN KULIT COKELAT MUDA,11,45000,TRUE,Barang Kualitas Terbaik,1,
B.000132,MIRAGE BUKU ALBUM 100 LBR,11,10000,TRUE,Barang Kualitas Terbaik,1,
B.000064,AL BUKU GAMBAR A4,11,5000,TRUE,Barang Kualitas Terbaik,1,
B.000128,GATORO SANDARAN BUKU,11,50000,TRUE,Barang Kualitas Terbaik,1,
B.000203,AIK TB 052 TI ALKITAB BESAR SOFT TANPA RES WARNA CREAM,11,250000,TRUE,Barang Kualitas Terbaik,1,
B.000196,NOTE BOOK AGENDA HJT-1802 BAHAN KULIT MERAH,11,45000,TRUE,Barang Kualitas Terbaik,1,
B.000109,PAPERLINE BUKU ALBUM 210X160 MM 100 LEMBAR,11,12500,TRUE,Barang Kualitas Terbaik,1,
I.000073,KINGCO ISOLASI DOUBLE TAPE 2 INCHIES,12,15000,TRUE,Barang Kualitas Terbaik,1,
I.000062,KINGCO ISOLASI KERTAS 1 INCHIES,12,10000,TRUE,Barang Kualitas Terbaik,1,
I.000057,KINGCO LAKBAN 46 MM X 10 YARDS MERAH,12,15000,TRUE,Barang Kualitas Terbaik,1,
I.000061,SDI TEMPAT DISPENSER ISOLASI,12,70000,TRUE,Barang Kualitas Terbaik,1,
I.000046,WORRY TEMPAT ISOLASI SERIES STP-550,12,25000,TRUE,Barang Kualitas Terbaik,1,
I.000008,NANKO TAPE ISOLASI DOUBLE TAPE 1/4,12,2500,TRUE,Barang Kualitas Terbaik,1,
I.000037,GOLDLAND ISOLASI DOUBLE TAPE 1 INCHIES,12,3000,TRUE,Barang Kualitas Terbaik,1,
I.000007,LIMAR LAKBAN 2/4 ORANGE PREMIUM QUALITY,12,10000,TRUE,Barang Kualitas Terbaik,1,
I.000070,KINGCO LAKBAN 23 MM x 10 YARDS HITAM,12,10000,TRUE,Barang Kualitas Terbaik,1,
I.000004,KINGCO LAKBAN 46 MM X 10 YARDS 4/4  HIJAU,12,15000,TRUE,Barang Kualitas Terbaik,1,
I.000078,KINGCO LAKBAN HITAM 4 INCHIES,12,25000,TRUE,Barang Kualitas Terbaik,1,
I.000034,GOLDLAND ISOLASI DOUBLE TAPE FOAM 1 INCHIES,12,10000,TRUE,Barang Kualitas Terbaik,1,
I.000063,NACHI ISOLASI BENING 12 MM,12,5000,TRUE,Barang Kualitas Terbaik,1,
I.000027,SCOTCH ISOLASI MAGIC,12,35000,TRUE,Barang Kualitas Terbaik,1,
K.000251,POP-1 KERTAS THERMAL UK. 57 x 37 MM,13,6000,TRUE,Barang Kualitas Terbaik,1,
K.000163,SIDU KERTAS HVS UKURAN A4S 75 GRAM,13,60000,TRUE,Barang Kualitas Terbaik,1,
K.000061,CONCORDE KERTAS TIPIS 90 GR KUNING ISI 250 LEMBAR,13,85000,TRUE,Barang Kualitas Terbaik,1,
K.000180,DUPLEX KARTON NO. 30,13,15000,TRUE,Barang Kualitas Terbaik,1,
K.000196,DELUXE KERTAS SERTIFIKAT UK. 21.5 x 33 CM 250 GR,13,45000,TRUE,Barang Kualitas Terbaik,1,
K.000193,HORE COMPUTER FORM 1 PLY PRS HVS UK. 9.5 x 11 INCHIES 2000 SHEETS,13,325000,TRUE,Barang Kualitas Terbaik,1,
K.000245,PAPERLINE KERTAS KASIR BAHAN NCR 1 PLY,13,7500,TRUE,Barang Kualitas Terbaik,1,
K.000376,DIAMANT KERTAS KALKIR F4 80/85 GR,13,2000,TRUE,Barang Kualitas Terbaik,1,
K.000147,KUNCI AMPLOP UNDANGAN PUTIH 1/2 F,13,1000,TRUE,Barang Kualitas Terbaik,1,
K.000216,POST-IT NOTE CARS NO.5017 100 PCS,13,10000,TRUE,Barang Kualitas Terbaik,1,
K.000214,PAPERLINE CONTINUOUS FORM 1 PLY UTUH 14 7.8 x 11 INCHIES,13,270000,TRUE,Barang Kualitas Terbaik,1,
K.000179,AMPLOP LINEN 1/2 FOLIO,13,1000,TRUE,Barang Kualitas Terbaik,1,
K.000028,E-PRINT KERTAS FOTO DOUBLE SIDE GLOSSY 5760 DPI 230 GSM 215X330 MM 20 LEMBAR,13,45000,TRUE,Barang Kualitas Terbaik,1,
K.000204,BC PLANO  UK. A1 WARNA BIRU TUA,13,4000,TRUE,Barang Kualitas Terbaik,1,
K.000234,E-PRINT KERTAS FOTO GLOSSY A4 210 GSM 5760 DPI,13,30000,TRUE,Barang Kualitas Terbaik,1,
K.000080,JASMINE KERTAS HIJAU MUDA,13,75000,TRUE,Barang Kualitas Terbaik,1,
K.000066,BCPD KERTAS 160 ORANGE TUA,13,50000,TRUE,Barang Kualitas Terbaik,1,
K.000012,PHOENIX STICK NOTE (100X75 MM. 50X75 MM. 12X45 MM) 150 LEMBAR 7 WARNA,13,20000,TRUE,Barang Kualitas Terbaik,1,
K.000177,AMPLOP CONCORDE 1/2 FOLIO,13,1000,TRUE,Barang Kualitas Terbaik,1,
K.000011,BANTEX STICK NOTE 125X75 MM 1 WARNA KUNING,13,20000,TRUE,Barang Kualitas Terbaik,1,
K.000019,PRINTECH KERTAS FOTO DOUBLE SIDE MATTE 5760 DPI A4 230 GSM 50 LEMBAR,13,75000,TRUE,Barang Kualitas Terbaik,1,
K.000253,CORAL KERTAS FOTO SINGLE SIDE GLOSSY 5000 DPI 150 GSM A4 100 LEMBBAR,13,85000,TRUE,Barang Kualitas Terbaik,1,
K.000372,KARTON PLANO BUFALO HIJAU TUA,13,10000,TRUE,Barang Kualitas Terbaik,1,
K.000363,POP-1 BLANKO PIAGAM ISI 10 LBR,13,55000,TRUE,Barang Kualitas Terbaik,1,
K.000027,CORAL KERTAS FOTO DOUBLE SIDE GLOSSY 5000 DPI 120 GSM A4 50 LEMBAR,13,75000,TRUE,Barang Kualitas Terbaik,1,
K.000345,BLUESWHITE KERTAS ISI 500 LEMBAR,13,5000,TRUE,Barang Kualitas Terbaik,1,
K.000176,MATERAI RP 10.000,13,12000,TRUE,Barang Kualitas Terbaik,1,
K.000187,COMBO KERTAS THERMAL UK. 57 x 50 MM,13,7500,TRUE,Barang Kualitas Terbaik,1,
K.000337,KINGSTRUK ARTPAPER 33 x 48.8 260 GR,13,0,TRUE,Barang Kualitas Terbaik,1,
K.000131,SAGUAN KERTAS LABEL HARGA PUTIH,13,7500,TRUE,Barang Kualitas Terbaik,1,
K.000017,XDATA KERTAS FOTO SINGLE SIDE MATTE INKJET PAPER A3 50 LEMBAR,13,100000,TRUE,Barang Kualitas Terbaik,1,
K.000174,PAPERLINE KERTAS NCR 9.5 X 11 INCHIES UTUH 5 PLY,13,550000,TRUE,Barang Kualitas Terbaik,1,
K.000079,LENEN KERTAS PUTIH,13,75000,TRUE,Barang Kualitas Terbaik,1,
K.000285,IMPRESSION NCR BOTTOM BIRU,13,85800,TRUE,Barang Kualitas Terbaik,1,
K.000226,KERTAS METALIC HIJAU,13,2500,TRUE,Barang Kualitas Terbaik,1,
K.000168,PAPERONE KERTAS HVS UKURAN A3 80 GSM,13,110000,TRUE,Barang Kualitas Terbaik,1,
K.000112,EXECUTIVE AMPLOP TALI E 305,13,1500,TRUE,Barang Kualitas Terbaik,1,
K.000141,BCPD KERTAS META FLAME 160 MERAH,13,200,TRUE,Barang Kualitas Terbaik,1,
K.000231,IMPRESSION NCR TOP WARNA PUTIH,13,85500,TRUE,Barang Kualitas Terbaik,1,
K.000343,IMPRESSION NCR MIDLLE KUNING,13,85800,TRUE,Barang Kualitas Terbaik,1,
K.000051,LEGONG KERTAS ORIGAMI 21X29.7 CM A4 ORANGE,13,12000,TRUE,Barang Kualitas Terbaik,1,
K.000212,E-PRINT KERTAS FOTO SUPER GLOSSY A4 20 LBR 210 x 297 MM 230 GSM,13,35000,TRUE,Barang Kualitas Terbaik,1,
K.000335,KINGSTRUK ARTPAPER 32.5 x 48.8 260 GR,13,225000,TRUE,Barang Kualitas Terbaik,1,
K.000030,E-PRINT KERTAS FOTO SINGLE SIDE GLOSSY SATIN 5760 DPI 260 GSM A4 20 LEMBAR,13,60000,TRUE,Barang Kualitas Terbaik,1,
K.000070,BCPD KERTAS 160 MERAH,13,50000,TRUE,Barang Kualitas Terbaik,1,
K.000162,SIDU KERTAS HVS UKURAN F4 80 GSM,13,70000,TRUE,Barang Kualitas Terbaik,1,
K.000034,POLARIS KERTAS FOTO SINGLE SIDE GLOSSY 240 GSM A4 20 LEMBAR,13,30000,TRUE,Barang Kualitas Terbaik,1,
K.000229,KERTAS METALIC PUTIH,13,2500,TRUE,Barang Kualitas Terbaik,1,
K.000038,E-PRINT KERTAS SINGLE SIDE GLOSSY 5760 DPI 210 GSM A4 20 LEMBAR,13,30000,TRUE,Barang Kualitas Terbaik,1,
K.000093,OLEAN CITY KERTAS LABEL NO.118,13,5000,TRUE,Barang Kualitas Terbaik,1,
K.000252,KARTON LINEN HITAM,13,10000,TRUE,Barang Kualitas Terbaik,1,
K.000137,KERTAS STRUK BAHAN NCR 3 PLY,13,10000,TRUE,Barang Kualitas Terbaik,1,
K.000311,DIAMANT KERTAS A0 90 X 150 MTR,13,0,TRUE,Barang Kualitas Terbaik,1,
K.000056,LEGONG KERTAS ORIGAMI 21X29.7 KUNING,13,12000,TRUE,Barang Kualitas Terbaik,1,
K.000303,POP-1 AMPLOP KRAFT SAMSON BIASA TIPE A,13,27000,TRUE,Barang Kualitas Terbaik,1,
K.000238,SIDU KERTAS HVS UKURAN A4 75 GSM WARNA KUNING,13,75000,TRUE,Barang Kualitas Terbaik,1,
K.000045,E-PRINT KERTAS STIKER TRANSPARENT 150 GSM A4 10 LEMBAR,13,50000,TRUE,Barang Kualitas Terbaik,1,
K.000375,DIAMANT KERTAS KALKIR A3 80/85 GR,13,3000,TRUE,Barang Kualitas Terbaik,1,
K.000074,OLEAN CITY KERTAS 180 GSM F4 100 LEMBAR JASMIN PAPER DARK GREEN,13,90000,TRUE,Barang Kualitas Terbaik,1,
K.000359,KINGSTRUK ARTPAPER 32.5 x 48.8 210 GR,13,0,TRUE,Barang Kualitas Terbaik,1,
K.000020,CORAL KERTAS FOTO SINGLE SIDE GLOSSY 5000 DPI 120 GSM A4 100 LEMBBAR,13,75000,TRUE,Barang Kualitas Terbaik,1,
K.000232,IMPRESSION NCR BOTTOM MERAH,13,85800,TRUE,Barang Kualitas Terbaik,1,
K.000122,POP-1 AMPLOP KRAFT SAMSON MERK SUPER TIPE : B 14X27 CM 100 LEMBAR,13,600,TRUE,Barang Kualitas Terbaik,1,
K.000339,KINGSTRUK ARTPAPER PLANO 310 GR,13,1148000,TRUE,Barang Kualitas Terbaik,1,
K.000057,LEGONG KERTAS ORIGAMI 21X29.7 ORANGE MUDA,13,12000,TRUE,Barang Kualitas Terbaik,1,
K.000219,SIDU KERTAS HVS UKURAN F4 75 GR WARNA BIRU,13,80000,TRUE,Barang Kualitas Terbaik,1,
K.000082,KINSTRIK KERTAS 210 GR PUTIH,13,65000,TRUE,Barang Kualitas Terbaik,1,
K.000369,KERTAS A1 62x50 METER 80 GRAM,13,150000,TRUE,Barang Kualitas Terbaik,1,
K.000097,KERTAS BINDER PUTIH,13,15000,TRUE,Barang Kualitas Terbaik,1,
K.000071,BCPD KERTAS 160 HIJAU TUA,13,50000,TRUE,Barang Kualitas Terbaik,1,
K.000086,KENJOY KERTAS LABEL NO.121,13,5000,TRUE,Barang Kualitas Terbaik,1,
K.000075,OLEAN CITY KERTAS 180 GSM F4 100 LEMBAR JASMIN PAPER GREEN,13,90000,TRUE,Barang Kualitas Terbaik,1,
K.000206,BC PLANO  UK. A1 WARNA BIRU MUDA,13,4000,TRUE,Barang Kualitas Terbaik,1,
K.000291,IMPRESSION NCR MIDLLE MERAH,13,85800,TRUE,Barang Kualitas Terbaik,1,
K.000105,GLACIO KARTU STOCK BARANG BIRU,13,45000,TRUE,Barang Kualitas Terbaik,1,
K.000357,TECHNOVA STICKER GLOSSY 115 DS 320 MM x 480,13,0,TRUE,Barang Kualitas Terbaik,1,
K.000069,BCPD KERTAS 160 KUNING,13,0,TRUE,Barang Kualitas Terbaik,1,
K.000004,ALFA PREMIUM STICK NOTE 76X50 MM 100 LEMBAR 5 WARNA,13,10000,TRUE,Barang Kualitas Terbaik,1,
K.000304,POP-1 AMPLOP KRAFT SAMSON BIASA TIPE B,13,35000,TRUE,Barang Kualitas Terbaik,1,
K.000173,V-TEC STICK NOTE NEON 5 COLORS 100 SHEETS,13,10000,TRUE,Barang Kualitas Terbaik,1,
K.000366,SIDU KERTAS HVS UKURAN A3 100 GSM,13,175000,TRUE,Barang Kualitas Terbaik,1,
K.000054,LEGONG KERTAS ORIGAMI 21X29.7 ORANGE TUA,13,12000,TRUE,Barang Kualitas Terbaik,1,
K.000281,KARTON PLANO BUFALO PINK,13,10000,TRUE,Barang Kualitas Terbaik,1,
K.000099,ALLWINZ KERTAS PEMBATAS BINDER A5 10 COLORS,13,7500,TRUE,Barang Kualitas Terbaik,1,
KS.000253,BROTHER CARTRIDGE LC 462 CYAN,14,200000,TRUE,Barang Kualitas Terbaik,1,
KS.000065,BLUEPRINT TINTA PRINT 100 ML WARNA YELLOW,14,57000,TRUE,Barang Kualitas Terbaik,1,
KS.000135,AC-DC ADAPTOR INPUT : AC220V 50hz OUTPUT : DC12V 500mA,14,50000,TRUE,Barang Kualitas Terbaik,1,
KS.000245,E-PRINT EP40 TINTA PRINT SUNTIK BLACK,14,40000,TRUE,Barang Kualitas Terbaik,1,
KS.000174,HP LASERJET CARTRIDGE SERIES 125A WARNA KUNING,14,60000,TRUE,Barang Kualitas Terbaik,1,
KS.000263,GT-PRO DVD-R PLUS MULTI SPEED 16x MADE IN TAIWAN,14,7500,TRUE,Barang Kualitas Terbaik,1,
KS.000087,TARGET KALKULATOR 12 DIGITS PB-1812,14,40000,TRUE,Barang Kualitas Terbaik,1,
KS.000146,ENERGIZER BATERAI 9V1 ISI 1,14,47500,TRUE,Barang Kualitas Terbaik,1,
KS.000102,E-PRINT TINTA PRINT 80 ML SERIES 664 WARNA HITAM,14,60000,TRUE,Barang Kualitas Terbaik,1,
KS.000239,CANON PIXMA 811 COLOR CL-811,14,400000,TRUE,Barang Kualitas Terbaik,1,
KS.000011,BROTHER TINTA PRINT 48.8 ML SERIES BT5000C WARNA BIRU,14,100000,TRUE,Barang Kualitas Terbaik,1,
KS.000097,SANRIO KALKULATOR 12 DIGITS XD-1104A,14,90000,TRUE,Barang Kualitas Terbaik,1,
KS.000057,CIGI KALKULATOR CI-520,14,50000,TRUE,Barang Kualitas Terbaik,1,
KS.000064,BLUEPRINT TINTA PRINT 100 ML WARNA HITAM,14,57000,TRUE,Barang Kualitas Terbaik,1,
KS.000094,TARGET KALKULATOR SCIENCE 12 DIGITS AC-880 WARNA BIRU,14,200000,TRUE,Barang Kualitas Terbaik,1,
KS.000143,PRESENTER LASER POINTER PRESENTASI PP-1000,14,150000,TRUE,Barang Kualitas Terbaik,1,
KS.000105,E-PRINT TINTA PRINT 80 ML SERIES 664 WARNA MAGENTA,14,60000,TRUE,Barang Kualitas Terbaik,1,
KS.000096,SANRIO KALKULATOR 12 DIGITS KT-806B,14,55000,TRUE,Barang Kualitas Terbaik,1,
KS.000098,CITIZEN KALKULATOR SCIENCE 12 DIGITS SR-260N,14,200000,TRUE,Barang Kualitas Terbaik,1,
KS.000171,HP LASERJET CARTRIDGE SERIES 35A WARNA HITAM,14,60000,TRUE,Barang Kualitas Terbaik,1,
KS.000170,HP LASERJET CARTRIDGE SERIES 55A WARNA HITAM,14,60000,TRUE,Barang Kualitas Terbaik,1,
KS.000071,EPSON TINTA PRINT 127 ML SERISE 008 WARNA HITAM,14,250000,TRUE,Barang Kualitas Terbaik,1,
KS.000018,HP TINTA PRINT 70 ML SERIES GT52 WARNA BIRU,14,100000,TRUE,Barang Kualitas Terbaik,1,
KS.000123,TARGET KALKULATOR 16 DIGITS LB-350,14,250000,TRUE,Barang Kualitas Terbaik,1,
KS.000235,KABEL ROLL 3 METER,14,125000,TRUE,Barang Kualitas Terbaik,1,
KS.000082,EPSON TINTA PRINT 70 ML SERIES 673 WARNA MAGENTA,14,150000,TRUE,Barang Kualitas Terbaik,1,
KS.000140,TARGET KALKULATOR 14 DIGITS LB-300 WARNA MERAH,14,250000,TRUE,Barang Kualitas Terbaik,1,
KS.000107,PRINTECH TINTA PRINT 100 ML SERIES L-M WARNA MAGENTA,14,60000,TRUE,Barang Kualitas Terbaik,1,
KS.000149,ENERGIZER BATERAI AA6 ISI 6,14,60000,TRUE,Barang Kualitas Terbaik,1,
KS.000128,TARGET KALKULATOR 12 DIGITS MC--270 WARNA HIJAU,14,100000,TRUE,Barang Kualitas Terbaik,1,
KS.000160,SANDISK FLASHDISK USB 2.0 32 GB,14,80000,TRUE,Barang Kualitas Terbaik,1,
KS.000198,PRINTECTH RIBBON CARTRIDGE MAX 60 METERS SERIES S015531 WARNA HITAM,14,100000,TRUE,Barang Kualitas Terbaik,1,
KS.000179,HP LASERJET CARTRIDGE SERIES 83A WARNA HITAM,14,60000,TRUE,Barang Kualitas Terbaik,1,
KS.000019,JST MOUSE T01,14,50000,TRUE,Barang Kualitas Terbaik,1,
KS.000257,USB 7 PORT,14,238000,TRUE,Barang Kualitas Terbaik,1,
KS.000076,CANON PIXMA TINTA PRINT 135 ML SERIES 790 WARNA HITAM,14,130000,TRUE,Barang Kualitas Terbaik,1,
KS.000028,CANON CARTRIDGE WARNA HITAM SERIES 726,14,250000,TRUE,Barang Kualitas Terbaik,1,
KS.000026,CANON CARTRIDGE WARNA BIRU SERIES 726,14,250000,TRUE,Barang Kualitas Terbaik,1,
KS.000053,CASIO KALKULATOR 12 DIGITS JJ-120D PLUS,14,225000,TRUE,Barang Kualitas Terbaik,1,
KS.000100,KINGCO KALKULATOR 12 DIGITS KC-512,14,75000,TRUE,Barang Kualitas Terbaik,1,
KS.000029,CANON CARTRIDGE COLOR SERIES 746,14,450000,TRUE,Barang Kualitas Terbaik,1,
KS.000006,LOGITECH KEYBOARD + MOUSE MK120,14,250000,TRUE,Barang Kualitas Terbaik,1,
KS.000216,SANDISK FLASHDISK 8GB,14,60000,TRUE,Barang Kualitas Terbaik,1,
KS.000175,HP LASERJET CARTRIDGE SERIES 305A WARNA KUNING,14,60000,TRUE,Barang Kualitas Terbaik,1,
KS.000124,TARGET KALKULATOR 12 DIGITS MC-2212,14,100000,TRUE,Barang Kualitas Terbaik,1,
KS.000133,SONY HEADPHONES MDR-XB450AP,14,100000,TRUE,Barang Kualitas Terbaik,1,
KS.000067,PIXMA TINTA PRINT 70 ML SERIES 790 WARNA MAGENTA,14,85000,TRUE,Barang Kualitas Terbaik,1,
KS.000038,HP CARTRIDGE COLOR SERIES 802,14,300000,TRUE,Barang Kualitas Terbaik,1,
KS.000279,PROTECH RIBBON CARTRIDGE S015632 FOR EPSON LX-310,14,50000,TRUE,Barang Kualitas Terbaik,1,
KS.000024,CANON CARTRIDGE WARNA HITAM SERIES 725,14,250000,TRUE,Barang Kualitas Terbaik,1,
KS.000141,CITIZEN KALKULATOR 12 DIGITS CT-500JS,14,200000,TRUE,Barang Kualitas Terbaik,1,
KS.000017,HP TINTA PRINT 70 ML SERIES GT52 WARNA KUNING,14,100000,TRUE,Barang Kualitas Terbaik,1,
KS.000032,CANON CARTRIDGE COLOR SERIES 741,14,450000,TRUE,Barang Kualitas Terbaik,1,
KS.000055,CASIO KALKULATOR SCIENCE FX-4500PA,14,1000000,TRUE,Barang Kualitas Terbaik,1,
KS.000022,HP CARTRIDGE 3 WARNA SERIES 28,14,260000,TRUE,Barang Kualitas Terbaik,1,
KS.000173,HP LASERJET CARTRIDGE SERIES 12A WARNA HITAM,14,850000,TRUE,Barang Kualitas Terbaik,1,
KS.000012,BROTHER TINTA PRINT 48.8 ML SERIES BT5000Y WARNA KUNING,14,100000,TRUE,Barang Kualitas Terbaik,1,
L.000019,V-TEC LEM TEMBAK 20W SERIES VT-MGG20,15,75000,TRUE,Barang Kualitas Terbaik,1,
L.000018,KINGCO LEM TEMBAK 20W SERIES PP-128,15,75000,TRUE,Barang Kualitas Terbaik,1,
M.000344,MARABUNTA DOCUMENT KEEPER BAHAN KULIT HITAM 20 SHEET,16,125000,TRUE,Barang Kualitas Terbaik,1,
M.000215,BENEFIT MAP POLOS CODE B-390 WARNA HIJAU,16,30000,TRUE,Barang Kualitas Terbaik,1,
M.000135,OLEAN CITY MAP SEKAT EF5555 WARNA HIJAU,16,25000,TRUE,Barang Kualitas Terbaik,1,
M.000165,KINGCO STOFMAP FOLIO KERTAS BIRU,16,1000,TRUE,Barang Kualitas Terbaik,1,
M.000132,ACURA MAP SATU KANCING S2408 WARNA BIRU,16,15000,TRUE,Barang Kualitas Terbaik,1,
M.000039,KINGCO MAP HARD CASE FOLIO 70 MM WARNA MERAH,16,25000,TRUE,Barang Kualitas Terbaik,1,
M.000285,MAP BATIK KERTAS TANPA MERK,16,4000,TRUE,Barang Kualitas Terbaik,1,
M.000267,MAP SNALEHEKTER KERTAS TANPA MERK,16,1500,TRUE,Barang Kualitas Terbaik,1,
M.000097,KINGCO MAP SEKAT WARNA HIJAU,16,75000,TRUE,Barang Kualitas Terbaik,1,
M.000140,ACURA MAP SATU KANCING SIZE A5 CB1707A5 WARNA HIJAU,16,3000,TRUE,Barang Kualitas Terbaik,1,
M.000064,MAP RES POLOS WARNA PINK TUA,16,17500,TRUE,Barang Kualitas Terbaik,1,
M.000249,FIGO MAP TALI PLASTIK WARNA BENING,16,4000,TRUE,Barang Kualitas Terbaik,1,
M.000117,KEDAI MAP RES KDOS-3004 WARNA KUNING,16,20000,TRUE,Barang Kualitas Terbaik,1,
M.000009,BAMBI MAP HARD CASE FOLIO WARNA COKLAT CORAK,16,50000,TRUE,Barang Kualitas Terbaik,1,
M.000049,KINGCO MAP RES WARNA HIJAU,16,17500,TRUE,Barang Kualitas Terbaik,1,
M.000166,KINGCO MAP BATIK,16,4000,TRUE,Barang Kualitas Terbaik,1,
M.000282,ORIRE STOFMAP KERTAS WARNA BIRU,16,1000,TRUE,Barang Kualitas Terbaik,1,
M.000139,ACURA MAP SATU KANCING SIZE A5 CB1707A5 WARNA BIRU,16,3000,TRUE,Barang Kualitas Terbaik,1,
M.000173,FOLDER ONE MAP SNALE SF0 BUSINESS FILE 100F WARNA BIRU,16,9000,TRUE,Barang Kualitas Terbaik,1,
M.000087,FOLDER ONE MAP TALI EBO 100F WARNA KUNING,16,4000,TRUE,Barang Kualitas Terbaik,1,
M.000278,ACURA MAP TB83F WARNA ORANGE,16,10000,TRUE,Barang Kualitas Terbaik,1,
M.000269,BANTEX MAP HARD COVER TIPIS PUTIH GRADASI PELANGI,16,45000,TRUE,Barang Kualitas Terbaik,1,
M.000174,HORE DOCUMENT KEEPER RESTLETING MERAH,16,35000,TRUE,Barang Kualitas Terbaik,1,
M.000317,FOLDER ONE CLEAR HOLDER 20 POCKETS MERAH,16,25000,TRUE,Barang Kualitas Terbaik,1,
M.000048,KINGCO MAP RES KC-02 WARNA HITAM,16,17500,TRUE,Barang Kualitas Terbaik,1,
M.000198,KINGCO MAP PLASTIK KANCING WARNA HIJAU,16,4000,TRUE,Barang Kualitas Terbaik,1,
M.000057,FOLDER ONE MAP SNALE SF0 BUSINESS FILE 100F WARNA KUNING,16,9000,TRUE,Barang Kualitas Terbaik,1,
M.000209,MICRO STAR 355 MAP KANCING KUNING,16,3000,TRUE,Barang Kualitas Terbaik,1,
M.000155,KINGCO MAP PLASTIK BUSINESS FILE WARNA PINK,16,2500,TRUE,Barang Kualitas Terbaik,1,
M.000346,SUN SHINE MAP TALI 8119 MOTIF WARNA MERAH MUDA,16,5000,TRUE,Barang Kualitas Terbaik,1,
M.000210,KINGCO MAP PLASTIK BUSINESS FILE WARNA BENING,16,2500,TRUE,Barang Kualitas Terbaik,1,
M.000020,BANTEX MAP HARD CASE FOLIO 70 MM WARNA LILAC,16,45000,TRUE,Barang Kualitas Terbaik,1,
M.000272,BIOLA MAP SNELHECTER KERTAS WARNA MERAH,16,3500,TRUE,Barang Kualitas Terbaik,1,
M.000058,FOLDER ONE MAP SNALE SF0 BUSINESS FILE 100F WARNA HITAM,16,9000,TRUE,Barang Kualitas Terbaik,1,
M.000157,POP-1 MAP L WARNA BIRU,16,2000,TRUE,Barang Kualitas Terbaik,1,
M.000111,VONE MAP SATU KANCING POTRAIT WARNA HIJAU,16,5000,TRUE,Barang Kualitas Terbaik,1,
M.000106,ACURA MAP C336F POCADOT WARNA MERAH MUDA,16,15000,TRUE,Barang Kualitas Terbaik,1,
M.000100,ACURA MAP C336F POCADOT WARNA ORANGE,16,15000,TRUE,Barang Kualitas Terbaik,1,
M.000222,V-TEC EXPANDING FILE UK. B5 WARNA UNGU,16,35000,TRUE,Barang Kualitas Terbaik,1,
M.000194,VONE MAP SATU KANCING PLASTIK LANDSCAPE WARNA HIJAU,16,648000,TRUE,Barang Kualitas Terbaik,1,
M.000119,KEDAI MAP RES KDOS-3004 WARNA MERAH MUDA,16,20000,TRUE,Barang Kualitas Terbaik,1,
M.000190,BIOLA STOFMAP FOLIO WARNA BIRU MUDA,16,2500,TRUE,Barang Kualitas Terbaik,1,
M.000189,KINGCO MAP PLASTIK BUSINESS FILE WARNA BIRU,16,2500,TRUE,Barang Kualitas Terbaik,1,
M.000327,PHAYO MAP REST MDA-502,16,15000,TRUE,Barang Kualitas Terbaik,1,
M.000131,ACURA MAP SATU KANCING S2408 WARNA KUNING,16,15000,TRUE,Barang Kualitas Terbaik,1,
M.000090,SUN SHINE MAP TALI SIZE : FC WARNA MERAH MUDA,16,4000,TRUE,Barang Kualitas Terbaik,1,
M.000032,BANTEX MAP HARD CASE A3 POTRAIT 70 MM WARNA BIRU TUA,16,65000,TRUE,Barang Kualitas Terbaik,1,
M.000067,MAP KANCING CORAK BATIK WARNA HIJAU,16,25000,TRUE,Barang Kualitas Terbaik,1,
M.000001,BAMBI MAP HARD CASE FOLIO WARNA BIRU TUA,16,35000,TRUE,Barang Kualitas Terbaik,1,
M.000016,BANTEX MAP HARD CASE FOLIO 70 MM WARNA BIRU TUA,16,45000,TRUE,Barang Kualitas Terbaik,1,
M.000010,BAMBI MAP HARD CASE FOLIO WARNA CREAM CORAK,16,50000,TRUE,Barang Kualitas Terbaik,1,
M.000293,BENEFIT MAP JARING KANCING WARNA BIRU,16,30000,TRUE,Barang Kualitas Terbaik,1,
M.000028,BANTEX MAP HARD CASE FOLIO 50 MM WARNA HIJAU TORQUOUISE,16,45000,TRUE,Barang Kualitas Terbaik,1,
M.000283,ORIRE STOFMAP KERTAS WARNA KUNING,16,1000,TRUE,Barang Kualitas Terbaik,1,
M.000077,KINGCO MAP SNALE BUSINESS FILE WARNA HITAM,16,4000,TRUE,Barang Kualitas Terbaik,1,
M.000056,KINGCO MAP JEPIT MJ/999 WARNA MERAH,16,9000,TRUE,Barang Kualitas Terbaik,1,
M.000343,CLEAR HOLDER 40 SHEET BAHAN KULIT NAVI TANPA MERK,16,90000,TRUE,Barang Kualitas Terbaik,1,
M.000089,SUN SHINE MAP TALI SIZE : FC WARNA HITAM,16,4000,TRUE,Barang Kualitas Terbaik,1,
M.000256,AURA MAP PLASTIK KANCING WARNA MERAH,16,5000,TRUE,Barang Kualitas Terbaik,1,
M.000291,BENEFIT MAP JARING KANCING WARNA MERAH,16,30000,TRUE,Barang Kualitas Terbaik,1,
M.000137,KINGCO MAP SEKAT FULL COLOR,16,75000,TRUE,Barang Kualitas Terbaik,1,
M.000301,TOP MAP RES WARNA BIRU,16,17500,TRUE,Barang Kualitas Terbaik,1,
M.000326,VONE MAP SNALE BUSINESS FILE WARNA ORANGE,16,4000,TRUE,Barang Kualitas Terbaik,1,
M.000084,VONE MAP PLASTIK BUSINESS FILE WARNA ORANGE,16,5000,TRUE,Barang Kualitas Terbaik,1,
M.000096,MAP PLASTIK TALI WARNA PUTIH,16,4000,TRUE,Barang Kualitas Terbaik,1,
M.000079,FOLDER ONE MAP PLASTIK BUSINESS FILE WARNA HIJAU,16,5000,TRUE,Barang Kualitas Terbaik,1,
M.000221,V-TEC EXPANDING FILE UK. B5 WARNA KUNING,16,35000,TRUE,Barang Kualitas Terbaik,1,
M.000188,FOLDER ONE MAP SNALE SF0 BUSINESS FILE 100F WARNA MERAH,16,9000,TRUE,Barang Kualitas Terbaik,1,
M.000175,AJP MAP BATIK KERTAS,16,4000,TRUE,Barang Kualitas Terbaik,1,
M.000044,BENEX MAP HARD CASE FOLIO 70 MM WARNA HITAM,16,30000,TRUE,Barang Kualitas Terbaik,1,
NT.000062,TALI GANTUNGAN NAME TAG 1 CM BIRU MUDA,17,2000,TRUE,Barang Kualitas Terbaik,1,
NT.000007,BANTEX NAME TAG 54X90 MM KUNING,17,20000,TRUE,Barang Kualitas Terbaik,1,
NT.000004,BANTEX NAME TAG 85X54 MM ABU-ABU,17,20000,TRUE,Barang Kualitas Terbaik,1,
NT.000045,CHONGXI NAME TAG KUNING UK. 54 x 85 MM,17,7000,TRUE,Barang Kualitas Terbaik,1,
NT.000006,BANTEX NAME TAG 54X90 MM ABU-ABU,17,20000,TRUE,Barang Kualitas Terbaik,1,
NT.000020,NAME TAG BIASA BIRU,17,3500,TRUE,Barang Kualitas Terbaik,1,
NT.000073,GLUE CARD A1,17,1000,TRUE,Barang Kualitas Terbaik,1,
NT.000030,TALI GANTUNGAN NAME TAG 1 CM MERAH,17,2000,TRUE,Barang Kualitas Terbaik,1,
NT.000028,NAME TAG KULIT SINTETIK COKELAT,17,5000,TRUE,Barang Kualitas Terbaik,1,
NT.000058,GLUE CARD B3,17,2000,TRUE,Barang Kualitas Terbaik,1,
NT.000010,REAP NAME TAG 54X86 MM NO.7171,17,10000,TRUE,Barang Kualitas Terbaik,1,
NT.000063,TALI GANTUNGAN NAME TAG 1 CM BIRU TUA,17,2000,TRUE,Barang Kualitas Terbaik,1,
NT.000029,TALI GANTUNGAN NAME TAG 2 CM,17,15000,TRUE,Barang Kualitas Terbaik,1,
NT.000019,NAME TAG BIASA MERAH,17,3500,TRUE,Barang Kualitas Terbaik,1,
NT.000066,TALI GANTUNGAN NAME TAG 1 CM HIJAU,17,2000,TRUE,Barang Kualitas Terbaik,1,
NT.000008,JING TAI NAME TAG 90X54 MM T-017 KUNING,17,10000,TRUE,Barang Kualitas Terbaik,1,
NT.000064,TALI GANTUNGAN NAME TAG 1 CM ORANGE,17,2000,TRUE,Barang Kualitas Terbaik,1,
NT.000072,A+Z STATIONERY NO. 912 COBALT BLUE,17,5000,TRUE,Barang Kualitas Terbaik,1,
NT.000002,BANTEX NAME TAG 85X54 MM BIRU,17,20000,TRUE,Barang Kualitas Terbaik,1,
O.000002,BANTEX ODNER JUMBO BOX FILE 4011 21 ORANGE,18,50000,TRUE,Barang Kualitas Terbaik,1,
O.000009,BAMBI ODNER BOX FILE 1033 MERAH,18,50000,TRUE,Barang Kualitas Terbaik,1,
PGN.000010,INDOMIE MIE GORENG,19,158000,TRUE,Barang Kualitas Terbaik,1,
PGN.000003,KATEKIN TEH HITAM 80 GRAM,19,25000,TRUE,Barang Kualitas Terbaik,1,
PGN.000015,TEH KOTAK,19,0,TRUE,Barang Kualitas Terbaik,1,
P.000024,DATA-EX PLASTIK JILID 21.5 x 35 TEBAL 0.15 WARNA MERAH,20,1500,TRUE,Barang Kualitas Terbaik,1,
P.000003,MONTANA PLASTIK LAMINATING KETEBALAN 100 MICRON F4 100 LEMBAR,20,150000,TRUE,Barang Kualitas Terbaik,1,
P.000013,KANTONGAN PLASTIK BESAR WARNA HITAM,20,10000,TRUE,Barang Kualitas Terbaik,1,
P.000028,ASAHI PLASTIK JILID TEBAL 0.10 MM BIRU,20,150000,TRUE,Barang Kualitas Terbaik,1,
P.000053,SECURE PLASTIK LAMINATING A4 100 LEMBAR,20,150000,TRUE,Barang Kualitas Terbaik,1,
P.000052,SECURE PLASTIK LAMINATING F4 100 LEMBAR,20,2000,TRUE,Barang Kualitas Terbaik,1,
P.000022,DATA-EX PLASTIK JILID 21.5 x 35 TEBAL 0.15 WARNA HIJAU,20,1500,TRUE,Barang Kualitas Terbaik,1,
P.000014,PLASTIK UNDANGAN BENING UK. 17 x 24 CM,20,25000,TRUE,Barang Kualitas Terbaik,1,
P.000033,KINGCO MIKA JILID BENING,20,50000,TRUE,Barang Kualitas Terbaik,1,
P.000040,ZRM PLASTIK LAMINATING A4,20,150000,TRUE,Barang Kualitas Terbaik,1,
P.000047,POP-1 MIKA PLASTIK JILID WARNA MERAH,20,50000,TRUE,Barang Kualitas Terbaik,1,
P.000032,V-TEC CLEAR SHEET PROTECTOR A4,20,1500,TRUE,Barang Kualitas Terbaik,1,
P.000019,PLASTIK UNDANGAN BENING UK. 16 x 25 CM,20,25000,TRUE,Barang Kualitas Terbaik,1,
P.000056,KLIN PAK ALUMINIUM FOIL 8 M x 30 CM,20,25000,TRUE,Barang Kualitas Terbaik,1,
T.000001,POLO TAS RANSEL 2 TALI WARNA HITAM,21,100000,TRUE,Barang Kualitas Terbaik,1,
T.000014,TAS GENGGAM TANPA MERK WARNA HITAM,21,60000,TRUE,Barang Kualitas Terbaik,1,
T.000009,ALFA PREMIUM NON WOFEN BAG BATIK 34x30x10 CM,21,15000,TRUE,Barang Kualitas Terbaik,1,
T.000005,PAPER BAG POLOS COKELAT 20 x 10 x 24 CM,21,3000,TRUE,Barang Kualitas Terbaik,1,